ASSIGNEE_USER_KEY,BODY,COMPLETE_DATE,COMPLETE_USER_KEY,CONTENT_ID,CREATE_DATE,CREATOR_USER_KEY,DUE_DATE,GLOBAL_ID,ID,TASK_STATUS,UPDATE_DATE,SPACE_ID,CONTENT_VISIBLE,SPACE_VISIBLE,PAGE_TITLE
,"<span class=""placeholder-inline-tasks"">Hit <code>/</code> to see all the types of content you can add to your page. Try <code>/image</code> or <code>/table</code></span>",,,327847,2023-12-02 17:07:09.17,640929e6feb4b150c57a26bc,,10,13,UNCHECKED,2023-12-19 09:13:50.866,327771,true,true,Developer Documentation Home
,"<span class=""placeholder-inline-tasks"">Click the pencil icon ✏️ or <code>e</code> on your keyboard to edit and start typing. You can edit anywhere.</span>",,,327847,2023-12-02 17:07:09.17,640929e6feb4b150c57a26bc,,9,11,UNCHECKED,,327771,true,true,Developer Documentation Home
,"<span class=""placeholder-inline-tasks"">Use the toolbar at the top to play around with <em><u>font</u></em>, <strong><span style=""color: rgb(54,179,126);"">c</span></strong><strong><span style=""color: rgb(255,196,0);"">o</span></strong><strong><span style=""color: rgb(101,84,192);"">l</span></strong><strong><span style=""color: rgb(191,38,0);"">o</span></strong><strong><span style=""color: rgb(76,154,255);"">r</span></strong><strong><span style=""color: rgb(101,84,192);"">s</span></strong>, <sup>formatt</sup><sub>ing</sub>, and more</span>",,,327847,2023-12-02 17:07:09.17,640929e6feb4b150c57a26bc,,11,14,UNCHECKED,2023-12-02 17:14:24.38,327771,true,true,Developer Documentation Home
,"<span class=""placeholder-inline-tasks"">Click <code>close</code> to save your draft or <code>publish</code> when your page is ready to be shared</span>",,,327847,2023-12-02 17:07:09.17,640929e6feb4b150c57a26bc,,12,15,UNCHECKED,,327771,true,true,Developer Documentation Home
